Nome,Apelido,Clube
Abimael Pereira Maia,Bolt,Corinthians - SP
Adailson Freire Pereira da Silva,Adailson,
Ademir da Silva Santos Junior,Ademir,Bahia - BA
Aderbar Melo dos Santos Neto,Santos,Flamengo - RJ
Aderlan de Lima Silva,Aderlan,Red Bull Bragantino - SP
Adilson dos Anjos Oliveira,Juninho,America Saf - MG
Adriel Guilherme de Moraes,Adriel,Flamengo - RJ
Adriel Vasconcelos Ramos,Adriel,Bahia - BA
Adryan Bezerra Silva,Adryan Silva,Corinthians - SP
Adryelson Shawann Lima Silva,Adryelson,Botafogo - RJ
Adson Ferreira Soares,Adson,
Adyson do Nascimento Soares,ADYSON,America Saf - MG
Agner Moura Izigethy de Souza,Agner,Fluminense - RJ
Agustin Canobbio Graviz,Canobbio,Athletico Paranaense - PR
Agustin Daniel Rossi,ROSSI,Flamengo - RJ
Alan Douglas Borges de Carvalho,Alan,
Alan Javier Franco,Alan Franco,São Paulo - SP
Alan Kardec de Souza Pereira Junior,Alan Kardec,Atlético Mineiro - MG
Alan Patrick Lourenço,Alan Patrick,Internacional - RS
Alan Pereira Empereur,ALAN,Cuiabá Saf - MT
Alan Steven Franco Palma,Alan Franco,Atlético Mineiro - MG
Aldemir dos Santos Ferreira,Ferreira,Grêmio - RS
Alef Mangueira Severino Pereira,Alef Manga,
Alerrandro Barra Mansa Realino de Souza,Alerrandro,Red Bull Bragantino - SP
Alesson dos Santos Batista,Alesson,Goiás - GO
Alex de Oliveira Nascimento,Alex,Santos - SP
Alex Ferreira de Souza Junior,Alex,Bahia - BA
Alex Paulo Menezes Santana,Alex Santana,Athletico Paranaense - PR
Alex Teixeira Santos,Alex Teixeira,Vasco da Gama S.a.f. - RJ
Alexandre de Jesus Jeruzalem Junior,Alexandre Jesus,Tombense - MG
Alexandre Egea,Ale,America Saf - MG
Alexandre Lopes Gomes,Alexandre Lopes,Atlético Mineiro - MG
Alexandre Rodrigues da Silva,Alexandre Pato,São Paulo - SP
Alexandre Zurawski,Alexandre,
Alexsander Cristhian Gomes da Costa,Alexsander,Fluminense - RJ
Alexsandro Amorim de Freitas Filho,Alexsandro,Fortaleza - CE
Alfredo Jose Morelos Avilez,Morelos,Santos - SP
Alison Lopes Ferreira,Alison,Santos - SP
Alisson Euler de Freitas Castro,Alisson,São Paulo - SP
Alisson Santana Lopes da Fonseca,Alisson Santana,Atlético Mineiro - MG
Alix Vinicius de Souza Sampaio,Alix,Atlético - GO
Allan Andrade Elias,Allan,Palmeiras - SP
Allan Aniz Santos da Paixão,Allan,Internacional - RS
Allan Rodrigues de Souza,Allan,Flamengo - RJ
Allano Brendon de Souza Lima,Allano,Goiás - GO
Allyson Aires dos Santos,Allyson,Cuiabá Saf - MT
Aloisio dos Santos Goncalves,Aloisio,America Saf - MG
Aluisio Chaves Ribeiro Moraes Junior,Aluisio,
Anderson de Oliveira da Silva,Anderson,Goiás - GO
Anderson Santos Dias Gomes,ANDERSON,Internacional - RS
Anderson Silva da Paixão,Anderson Paixão,Cruzeiro Saf - MG
André Cardoso da Silva Junior,André Jr.,Red Bull Bragantino - SP
Andre Dhominique Queiroz Santiago da Silva,André Dhominique,Bahia - BA
Andre Henrique da Silva Martins,Andre,Grêmio - RS
Andre Luiz Inacio da Silva,Andre,
André Trindade da Costa Neto,André,Fluminense - RJ
Andreas Samaris,Samaris,Coritiba S.a.f. - PR
Andrey Nascimento dos Santos,Andrey Santos,
Andrey Ramos do Nascimento,Andrey,Coritiba S.a.f. - PR
Angel Rodrigo Romero Villamayor,Angel Romero,Corinthians - SP
Angelo Gabriel Borges Damaceno,Ângelo,
Anthoni Spier Souza,Anthoni,Internacional - RS
Antonio David Souza de Araujo,David,Internacional - RS
Antonio Francisco Moura Neto,Neto,Mirassol - SP
Ariel Felipe Gomes da Rosa,Ariel,Londrina - PR
Arielson Sampaio Galvão,Arielson,
Arthur Augusto de Matos Soares,Arthur,
Arthur de Oliveira Sales,Arthur Sales,
Arthur Gomes Lourenco,Arthur Gomes,Cruzeiro Saf - MG
Arthur Sousa Araujo,ARTHUR SOUSA,Corinthians - SP
Arthur Wenderrosky Sanches,ARTHUR,Fluminense - RJ
Arthur Zanella Koerich,Zanella,Athletico Paranaense - PR
Artur Victor Guimaraes,Artur,Palmeiras - SP
Arturo Erasmo Vidal Pardo,VIDAL,Athletico Paranaense - PR
Athyrson Ferreira Prates,Athyrson,Atlético Mineiro - MG
Ayrton Lucas Dantas de Medeiros,Ayrton Lucas,Flamengo - RJ
Bartolomeu Jacinto Quissanga,Bastos,Botafogo - RJ
Benjamin Kuscevic Jaramillo,BENJAMIN,Coritiba S.a.f. - PR
Bento Matheus Krepski,Bento,Athletico Paranaense - PR
Bernardo da Silva Rocha Valim,Bernardo Valim,Botafogo - RJ
Bernardo Schappo,Bernardo,Fortaleza - CE
Brayan Andres Ceballos Jimenez,Brayan Ceballos,
Brenno Oliveira Fraga Costa,Brenno,
Breno Cascardo Lemos,Breno Lemos,America Saf - MG
Breno de Souza Bidon,Bidon,Corinthians - SP
Breno Henrique Vasconcelos Lopes,Breno,Palmeiras - SP
Breno Herculano Almeida,Breno,Goiás - GO
Breno Silvano Sossai,Breno,Santos - SP
Breno Washington Rodrigues da Silva,Breno,Ceará - CE
Bruno Araujo Santos,Bruno,Goiás - GO
Bruno Conceicao Praxedes,Praxedes,Vasco da Gama S.a.f. - RJ
Bruno da Silva Peres,Bruno Peres,Athletico Paranaense - PR
Bruno de Jesus Pacheco,Bruno Pacheco,Fortaleza - CE
Bruno de Lara Fuchs,Bruno Fuchs,Atlético Mineiro - MG
Bruno Fabiano Alves,Bruno Alves,Grêmio - RS
Bruno Ferreira Alves,BRUNO ALVES,Cruzeiro Saf - MG
Bruno Ferreira Melo,Bruno,Goiás - GO
Bruno Ferreira Mombra Rosa,Bruno Mezenga,Santos - SP
Bruno Gomes da Silva Clevelario,Bruno Gomes,Coritiba S.a.f. - PR
Bruno Gonçalves de Jesus,Bruninho,Red Bull Bragantino - SP
Bruno Guimarães de Souza,Bruno,Fortaleza - CE
Bruno Henrique Corsini,Bruno,Internacional - RS
Bruno Henrique Pinto,Bruno Henrique,Flamengo - RJ
Bruno Mendez Cittadini,Bruno Mendez,Corinthians - SP
Bruno Rafael Rodrigues do Nascimento,Bruno Rodrigues,Cruzeiro Saf - MG
Bruno Uvini Bortolanca,Uvini,Grêmio - RS
Bruno Viana Willemen da Silva,Bruno Viana,
Bruno Vinicius Souza Ramos,Bruno,
Bruno Zapelli,Zapelli,Athletico Paranaense - PR
Bryan Jahir Garcia Realpe,Bryan Garcia,
Caio Alexandre Sousa E Silva,Caio,Fortaleza - CE
Caio da Silva Maia,Caio Maia,Atlético Mineiro - MG
Caio Dantas Batista de Maria,Caio Dantas,Fortaleza - CE
Caio Fernando de Oliveira,Caio Paulista,São Paulo - SP
Caio Henrique Ribas Dias de Araujo,CAIO RIBAS,Atlético Mineiro - MG
Caio Matheus da Silva,CAIO,São Paulo - SP
Caio Vinicius da Conceicao,Caio Vinicius,Fluminense - RJ
Caio Vinicius Garcia Guilhen,Caio,Flamengo - RJ
Caique Luiz Santos da Purificacao,Caique,Grêmio - RS
Calebe Gonçalves Ferreira da Silva,Calebe,Fortaleza - CE
Calebe Oliveira Costa,CALEBE,Cuiabá Saf - MT
Camilo Damian Candido Aquino,Camilo Cándido,Bahia - BA
Carlos Alberto Gomes da Silva Filho,Carlos Alberto,Botafogo - RJ
Carlos Daniel Gomez Ccasani,Carlos Gomez,Cruzeiro Saf - MG
Carlos de Menezes Junior,Cacá,Athletico Paranaense - PR
Carlos Eduardo Amaral Pereira de Castro,Cadu,Atlético Mineiro - MG
Carlos Eduardo Bertolassi da Silva,Cadu Silva,Santos - SP
Carlos Eduardo de Oliveira Alves,Carlos,Botafogo - RJ
Carlos Eduardo Piekny Neves,Cadu Neves,Vasco da Gama S.a.f. - RJ
Carlos Eduardo Santos,Biro,Athletico Paranaense - PR
Carlos Gilberto do Nascimento Silva,Gil,Corinthians - SP
Carlos Maria de Pena Bonino,Carlos de Pena,Internacional - RS
Carlos Miguel dos Santos Pereira,Carlos,Corinthians - SP
Carlos Sebastian Ferreira Vidal,Sebastian Ferreira,Vasco da Gama S.a.f. - RJ
Cassio Penafiel Acosta,Cássio,Grêmio - RS
Cassio Ramos,Cássio,Corinthians - SP
Cauã Paixão Souza,Paixão,Vasco da Gama S.a.f. - RJ
Cauan Lucas Barros da Luz,Barros,Vasco da Gama S.a.f. - RJ
Cauly Oliveira Souza,Cauly,Bahia - BA
Charles Mariano Aranguiz Sandoval,Aranguiz,Internacional - RS
Christian Chagas Tarouco,Christian,Fortaleza - CE
Christian Roberto Alves Cardoso,Christian,Athletico Paranaense - PR
Chrystian Amaral Barletta de Almeida,Chrystian,Ceará - CE
Claudio Rodrigues Gomes,Guga,Fluminense - RJ
Clayson Henrique da Silva Vieira,Clayson,Cuiabá Saf - MT
Cleiton Santana dos Santos,CLEITON,Flamengo - RJ
Cleiton Schwengber,Cleiton,Red Bull Bragantino - SP
Cristian David Pavon,Pavon,Atlético Mineiro - MG
Dalbert Henrique Chagas Estevão,Dalbert,Internacional - RS
Damian Marcelino Moreno,Marcelino Moreno,Coritiba S.a.f. - PR
Daniel Borges da Silva,Daniel Borges,Atlético Mineiro - MG
Daniel Camargo Nolasco,Nolasco,Goiás - GO
Daniel de Melo Araujo Junior,Daniel JR,
Daniel dos Santos Sales,Daniel Sales,Flamengo - RJ
Daniel Felipe Ruiz Rivera,Daniel Ruiz,
Daniel Fortunato Borges,Daniel Borges,America Saf - MG
Daniel Rogerio de Oliveira,Daniel Rogerio,Flamengo - RJ
Daniel Sampaio Simoes,Daniel,Fluminense - RJ
Daniel Sergio Martins,Danielzinho,Athletico Paranaense - PR
Danilo Barbosa da Silva,Danilo,Botafogo - RJ
Danilo das Neves Pinheiro,Tche Tche,Botafogo - RJ
Danilo Fernandes Batista,Danilo Fernandes,Bahia - BA
Danilo Fernando Avelar,Danilo,America Saf - MG
Darlan Batista Cobo da Silva,Darlan,Flamengo - RJ
Darlan Pereira Mendes,Darlan,
Davi Duarte Schuindt,Davi Schuindt,Fluminense - RJ
David Braz de Oliveira Filho,David Braz,Fluminense - RJ
David Correa da Fonseca,David,São Paulo - SP
David de Duarte Macedo,David Duarte,Bahia - BA
David Kauã Ramos,David,Palmeiras - SP
David Luiz Moreira Marinho,David Luiz,Flamengo - RJ
David Sousa Albino,David Sousa,Botafogo - RJ
Deivid Washington de Souza Eugenio,Deivid Washington,
Denilson Alves Borges,Denilson,Cuiabá Saf - MT
Denilson Chaves Goulart,Denilson Goulart,Avaí - SC
Denzel Nogueira Damasceno,DENZEL,Goiás - GO
Derik Gean Severino Lacerda,DERIK,Cuiabá Saf - MT
Deyverson Brum Silva,Deyverson,Cuiabá Saf - MT
Diego da Silva Costa,Diego Costa,Botafogo - RJ
Diego Damasceno dos Santos,Diego Santos,Flamengo - RJ
Diego de Souza Andrade,Diego Souza,Sport - PE
Diego Fernandes Simoes,Diego Fernandes,Atlético Mineiro - MG
Diego Gabriel Silva Rosa,Diego Rosa,Bahia - BA
Diego Goncalves,Diego,Goiás - GO
Diego Henrique Costa Barbosa,Diego,São Paulo - SP
Diego Manuel Hernandez Gonzalez,Diego Hernandez,Botafogo - RJ
Dimitri Payet,Payet,Vasco da Gama S.a.f. - RJ
Diogenes Vinicius da Silva,Diogenes,Santos - SP
Diogo Barbosa Mendanha,Diogo Barbosa,Fluminense - RJ
Diogo Batista de Souza,Diogo Batista,Coritiba S.a.f. - PR
Diogo de Oliveira Barbosa,Diogo,Coritiba S.a.f. - PR
Dorival Silva de Oliveira,DORIVAL,Cruzeiro Saf - MG
Douglas Borges,Douglas,Guarani - SP
Douglas Moreira Fagundes,Dodi,Santos - SP
Dyego Luis da Paz Nascimento,Dyego,Cuiabá Saf - MT
Dylan Antonio Talero Arredondo,Dylan,Botafogo - RJ
Eberth Araujo Nogueira,Eberth,Coritiba S.a.f. - PR
Ed Carlos de Arruda Amorim,Ed Carlos,Santos - SP
Edenilson Andrade dos Santos,Edenilson,Atlético Mineiro - MG
Eder Ferreira Graminho,Eder,America Saf - MG
Eder Maciel Lopes,Edinho,Avaí - SC
Edivan Vitor da Silva Junior,Juninho,Bahia - BA
Edney Henrique Santos da Silva,EDNEY,Palmeiras - SP
Eduard Andres Atuesta Velasco,Atuesta,Palmeiras - SP
Eduardo Colcenti Antunes,Eduardo Sasha,Red Bull Bragantino - SP
Eduardo Fernandes Rodrigues de Souza,Eduardo,Botafogo - RJ
Eduardo Gabriel dos Santos Bauermann,Eduardo,
Eduardo Gonzaga Mendes Santos,Eduardo,Red Bull Bragantino - SP
Eduardo Jesus Vargas Rojas,Vargas,Atlético Mineiro - MG
Eduardo Kogitzki Anastacio,Dudu,Athletico Paranaense - PR
Eduardo Nascimento da Silva Junior,Edu,Coritiba S.a.f. - PR
Eduardo Pereira Rodrigues,Dudu,Palmeiras - SP
Eduardo Santos Queiroz,Eduardo Santos Queiroz,
Eduardo Simioni,Simioni,Goiás - GO
Eduardo Vinicius Rodrigues dos Santos,Eduardo,Cuiabá Saf - MT
Eguinaldo de Sousa Lemos,Eguinaldo,
Emanuel Britez,Britez,Fortaleza - CE
Emanuel Pereira dos Santos,Emanuel Pereira,
Emerson Fabiano Kerber Junior,Emerson Junior,Internacional - RS
Emerson Ramon Bezerra Oliveira,Emerson,Cuiabá Saf - MT
Emersonn Correia da Silva,Emersonn,Athletico Paranaense - PR
Endrick Felipe Moreira de Sousa,Endrick,Palmeiras - SP
Enner Remberto Valencia Lastra,Valencia,Internacional - RS
Eric dos Santos do Carmo,Eric,Bahia - BA
Eric dos Santos Rodrigues,Eric Ramires,Red Bull Bragantino - SP
Erick Antonio Pulgar Farfan,Erick Pulgar,Flamengo - RJ
Erick Luis Conrado Carvalho,Erick,Athletico Paranaense - PR
Erick Marcus dos Santos Oliveira do Carmo,Erick Marcus,Vasco da Gama S.a.f. - RJ
Erick Nunes Barbosa dos Santos,Erick,Fluminense - RJ
Erison Danilo de Souza,Erison,São Paulo - SP
Esteban Rodrigo Burgos,Esteban Burgos,America Saf - MG
Estevao Barreto de Oliveira,Estevao,Internacional - RS
Estevao Willian Almeida de Oliveira Goncalves,Estevão,Palmeiras - SP
Euder Galdino da Silva,Euder,Flamengo - RJ
Everaldo Silva do Nascimento,Everaldo,America Saf - MG
Everaldo Stum,Everaldo,Bahia - BA
Everson Felipe Marques Pires,Everson,Atlético Mineiro - MG
Everton Augusto de Barros Ribeiro,Éverton Ribeiro,Flamengo - RJ
Everton Galdino Moreira,Galdino,Grêmio - RS
Everton Macedo Moraes,Everton,Londrina - PR
Everton Morelli Casimiro,Morelli,Goiás - GO
Everton Sousa Soares,Everton,Flamengo - RJ
Everton Tiago Barella de Souza Messias,Everton,Red Bull Bragantino - SP
Evertton Gustavo Fernandes Araujo,Evertton,Flamengo - RJ
Ezequiel Alves de Oliveira Vieira,Ezequiel,Goiás - GO
Fabian Cornelio Balbuena Gonzalez,Balbuena,
Fabiano Rodrigues Pereira,Fabiano,Botafogo - RJ
Fabio Deivson Lopes Maciel,Fabio,Fluminense - RJ
Fabio Pereira da Silva,Fabio,Grêmio - RS
Fabio Santos Romeu,Fabio Santos,Corinthians - SP
Fabio Silva de Freitas,Fabinho,Palmeiras - SP
Fabricio Bruno Soares de Faria,Fabricio Bruno,Flamengo - RJ
Fabrício Dias Afonso,Fabrício,Fortaleza - CE
Fabricio Oliveira de Souza,Fabricio,Red Bull Bragantino - SP
Fabricio Tomas Bustos Sein,BUSTOS,Internacional - RS
Fagner Conserva Lemos,Fagner,Corinthians - SP
Fausto Mariano Vera,Fausto,Corinthians - SP
Federico Matias Zaracho,Zaracho,Atlético Mineiro - MG
Felipe Alves Raymundo,Felipe,São Paulo - SP
Felipe Augusto da Silva,Felipe Augusto,Corinthians - SP
Felipe Azevedo dos Santos,Felipe Azevedo,America Saf - MG
Felipe Chiqueti Bandeira,Chiqueti,Athletico Paranaense - PR
Felipe de Almeida Lima,Felipe,Flamengo - RJ
Felipe de Andrade Vieira,Felipe Andrade,Fluminense - RJ
Felipe de Souza Motta Marins,Felipe Motta,Red Bull Bragantino - SP
Felipe Gabriel Cunha Teresa,FELIPE GABRIEL,Flamengo - RJ
Felipe Ignacio Carballo Ares,Carballo,Grêmio - RS
Felipe Jonatan Rocha Andrade,Felipe,Santos - SP
Felipe Longo Fernandes da Silva,FELIPE,Corinthians - SP
Felipe Mateus Scheibig,Felipe,Grêmio - RS
Felipe Melo de Carvalho,Felipe Melo,Fluminense - RJ
Felipe Negrucci Berdague,Felipe,São Paulo - SP
Fellipe Ramos Ignez Bastos,Fellipe Bastos,Avaí - SC
Fernando Augusto Pereira Bueno Junior,Fernando,Athletico Paranaense - PR
Fernando Henrique do Nascimento Pereira,Fernando,Cruzeiro Saf - MG
Fernando Luiz Roza,Fernandinho,Athletico Paranaense - PR
Fernando Marcal de Oliveira,Marcal,Botafogo - RJ
Fernando Miguel Kaufmann,Fernando Miguel,Fortaleza - CE
Fernando Nava Ortega,Fernando Nava,Athletico Paranaense - PR
Fernando Pereira do Nascimento,Fernando,Cuiabá Saf - MT
Filipe Augusto Carvalho Souza,Filipe Augusto,Cuiabá Saf - MT
Filipe Luis Kasmirski,Filipe Luís,Flamengo - RJ
Francisco das Chagas Soares dos Santos,Tiquinho,Botafogo - RJ
Francisco Dyogo Bento Alves,Dyogo,Flamengo - RJ
Francisco Jose Freire de Freitas,Freitas,Fluminense - RJ
Francisco Vitor Silva Costa,Jacare,Bahia - BA
Franco Sebastian Cristaldo,Cristaldo,Grêmio - RS
Fransergio Rodrigues Barbosa,Fransergio,Coritiba S.a.f. - PR
Freddy Ariel Noguera Rolon,Freddy,Grêmio - RS
Gabriel Appelt Pires,Gabriel,Botafogo - RJ
Gabriel Atila Cardoso da Silva,Gabriel Átila,Atlético Mineiro - MG
Gabriel Baralhas dos Santos,Gabriel  Baralhas,Atlético - GO
Gabriel Barbosa Almeida,Gabriel Barbosa,Flamengo - RJ
Gabriel Boschilia,Gabriel,Coritiba S.a.f. - PR
Gabriel Caetano Godoy de Andrade,Caetano,Red Bull Bragantino - SP
Gabriel Carvalho Teixeira,Gabriel,Internacional - RS
Gabriel Cordeiro Pirani,Gabriel Pirani,
Gabriel da Silva Moyses,Gabriel,Red Bull Bragantino - SP
Gabriel de Sousa Barros,Gabriel Barros,Internacional - RS
Gabriel de Souza Inocencio,Gabriel,Santos - SP
Gabriel Delfim Ferreira,Gabriel Delfim,Atlético Mineiro - MG
Gabriel Dias de Oliveira,Gabriel Dias,Vasco da Gama S.a.f. - RJ
Gabriel dos Santos Silva,Gabriel (Vareta),Palmeiras - SP
Gabriel Fortes Chaves,Gabriel Pec,Vasco da Gama S.a.f. - RJ
Gabriel Girotto Franco,Gabriel,Internacional - RS
Gabriel Hamester Grando,Gabriel Grando,Grêmio - RS
Gabriel Henrique Soares da Silva,Gabriel,Corinthians - SP
Gabriel Ivan Mercado,Gabriel Mercado,Internacional - RS
Gabriel Jose Ferreira Mesquita,Gabriel Mesquita,Cruzeiro Saf - MG
Gabriel Lheman Xavier,Gabriel Xavier,Bahia - BA
Gabriel Neves Perdomo,Gabriel Neves,São Paulo - SP
Gabriel Novaes Fernandes,Gabriel Novaes,Goiás - GO
Gabriel Roberto Pereira,Gabriel Pereira,Athletico Paranaense - PR
Gabriel Silva Azevedo Figueredo,Gabriel Silva,Coritiba S.a.f. - PR
Gabriel Silva Moscardo de Salles,Moscardo,Corinthians - SP
Gabriel Teixeira Aragao,Biel,Bahia - BA
Gabriel Toebe Studt,GABRIEL,Botafogo - RJ
Gabriel Vasconcelos Ferreira,Gabriel,Coritiba S.a.f. - PR
Gabriel Vinicius Menino,Gabriel Menino,Palmeiras - SP
Gabryel Vinicius Araújo Freitas,Gabryel,Cuiabá Saf - MT
Gary Alexis Medel Soto,Medel,Vasco da Gama S.a.f. - RJ
Geilson de Souza Alves,Geilson,Fortaleza - CE
German Ezequiel Cano,German Cano,Fluminense - RJ
Gerson Santos da Silva,Gerson,Flamengo - RJ
Gilberto Junior Leite dos Santos,Gilberto,Palmeiras - SP
Gilberto Moraes Junior,Gilberto,Bahia - BA
Gilberto Oliveira Souza Junior,Gilberto,Cruzeiro Saf - MG
Giorgian Daniel de Arrascaeta Benedetti,De Arrascaeta,Flamengo - RJ
Giovane Santana do Nascimento,Giovane Nascimento,Corinthians - SP
Giovani Henrique Amorim da Silva,Giovani,
Giovanni Manson Ribeiro,Giovanni,Fluminense - RJ
Giuliano Galoppo,Galoppo,São Paulo - SP
Giuliano Victor de Paula,Giuliano,Corinthians - SP
Givanildo Vieira de Sousa,Hulk,Atlético Mineiro - MG
Glaybson Yago Souza Lisbôa,Yago,Fortaleza - CE
Gonzalo Daniel Escobar,Escobar,Fortaleza - CE
Gonzalo Mathias Mastriani Borges,Gonzalo Mastriani,America Saf - MG
Guilherme Antonio Arana Lopes,Guilherme Arana,Atlético Mineiro - MG
Guilherme Aquino Vargas dos Santos,Guilherme Aquino,Coritiba S.a.f. - PR
Guilherme Augusto Vieira dos Santos,Guilherme Augusto,Fortaleza - CE
Guilherme Batista da Silva Americo,Guilherme Batista,São Paulo - SP
Guilherme Costa Marques,Guilherme,Goiás - GO
Guilherme de Aguiar Camacho,Camacho,Santos - SP
Guilherme de Jesus da Silva,Guilherme,Fortaleza - CE
Guilherme de Jesus Lima,GUILHERME,Internacional - RS
Guilherme Lopes de Almeida,Guilherme,Red Bull Bragantino - SP
Guilherme Meira Ferreira Alves,Gui Meira,Cruzeiro Saf - MG
Guilherme Santos Brito,Guilherme Brito,Bahia - BA
Guilherme Sucigan Mafra Cunha,Guilherme Biro,Corinthians - SP
Guillermo Varela Olivera,Varela,Flamengo - RJ
Gustavo Abreu Dohmann,Dohmann,Fluminense - RJ
Gustavo Affonso Sauerbeck,Gustavo,
Gustavo Campanharo,Gustavo,Internacional - RS
Gustavo Cesar Mendonça Gravino,Gustavo,Grêmio - RS
Gustavo Garcia dos Santos,Gustavo Garcia,Palmeiras - SP
Gustavo Henric da Silva,Mosquito,Corinthians - SP
Gustavo Henrique da Silva,Gustavo Henrique,Red Bull Bragantino - SP
Gustavo Henrique Ribeiro de Moraes,Gustavo,Cuiabá Saf - MT
Gustavo Marques Alves dos Santos,Gustavo,
Gustavo Martins de Souza Santos,G. Martins,Grêmio - RS
Gustavo Nonato Santana,Nonato,Santos - SP
Gustavo Nunes Fernandes Gomes,Gustavo,Grêmio - RS
Gustavo Prado Alves,Gustavo,Internacional - RS
Gustavo Ramalho Bremer Pinto,Gustavo Ramalho,Fluminense - RJ
Gustavo Raul Gomez Portillo,Gustavo Gomez,Palmeiras - SP
Gustavo Reis de Alcantara,Gustavo Reis,Red Bull Bragantino - SP
Gustavo Ribeiro Neves,Gustavinho,Red Bull Bragantino - SP
Gustavo Vilar dos Santos,Gustavo,Maringa Futebol Clube S.a.f. - PR
Gustavo Xavier Teixeira,Xavier,Goiás - GO
Habraão Lincon do Nascimento Saraiva,Habraão,Abc - RN
Halerrandrio dos Santos Feitosa,Halerrandrio,Goiás - GO
Hayner Willian Monjardim Cordeiro,Hayner,Coritiba S.a.f. - PR
Hedhe Halls Rocha da Silva,Halls,Vasco da Gama S.a.f. - RJ
Helibelton Palacios Zapata,Palacios,Cruzeiro Saf - MG
Helio Junio Nunes de Castro,Helinho,Red Bull Bragantino - SP
Henrique Adriano Buss,Henrique,Coritiba S.a.f. - PR
Henrique Almeida Caixeta Nascentes,H. Almeida,Vila Nova - GO
Henrique Fernandes da Silva,Henrique,Cruzeiro Saf - MG
Henrique Rodrigues Cardoso,Henrique,Cruzeiro Saf - MG
Henrique Vermudt,Henrique Vermudt,Botafogo - RJ
Henry David Mosquera Sanchez,Henry Mosquera,Red Bull Bragantino - SP
Hercules Pereira do Nascimento,HERCULES,Fortaleza - CE
Heron Crespo da Silva,Heron Crespo,Atlético - GO
Higor Augusto Farias de Oliveira,HIGOR,Corinthians - SP
Higor Matheus Meritao,Higor,Goiás - GO
Horacio Gabriel Carabajal,Carabajal,
Hueglo dos Santos Neris,Neris,Cruzeiro Saf - MG
Hugo de Souza Nogueira,Hugo,
Hugo Ferreira de Farias,Hugo,Goiás - GO
Hugo Gonçalves Ferreira Neto,Hugo,Botafogo - RJ
Hugo Mallo Novegil,Hugo Mallo,Internacional - RS
Hugo Moura Arruda da Silva,Hugo Moura,Athletico Paranaense - PR
Hyoran Kaue Dalmoro,Hyoran,Atlético Mineiro - MG
Iago Justen Maidana Martins,Iago,America Saf - MG
Iago Teodoro Silva Nogueira,IAGO,Flamengo - RJ
Ian Custodio dos Anjos,Ian,Palmeiras - SP
Ian Luccas Baroni Boetto,Ian,Cruzeiro Saf - MG
Iba Ly,Iba Ly,São Paulo - SP
Icaro Gabriel Oliveira Peixoto,Icaro,Bahia - BA
Ighor Gabryel Vieira Gonçalves,Ighor Gabriel,America Saf - MG
Ignacio Jesus Laquintana Marsico,Nacho Laquintana,Red Bull Bragantino - SP
Igo Gabriel Santos Pereira,Igo Gabriel,Botafogo - RJ
Igor Eduardo Schlemper,Igor,Grêmio - RS
Igor Gomes Silva,Igor Gomes,Internacional - RS
Igor Jesus Lima,Igor Jesus,Flamengo - RJ
Igor Marques Paciencia Cardoso,Igor Marques Paciencia Cardoso,
Igor Matheus Liziero Pereira,Liziero,
Igor Rabello da Costa,Igor,Atlético Mineiro - MG
Igor Silveira Gomes,Igor Gomes,Atlético Mineiro - MG
Igor Vinicius de Souza,Igor,São Paulo - SP
Imanol Javier Machuca,Machuca,Fortaleza - CE
Isaac Aguiar Tomich,Isaac,Atlético Mineiro - MG
Isaac Rodrigues de Lima,Isaac,Fluminense - RJ
Isaque Severino Silva,Isaque,Fluminense - RJ
Isidro Miguel Pitta Saldivar,PITTA,Cuiabá Saf - MT
Islam Slimani,Slimani,Coritiba S.a.f. - PR
Italo Isaac Pereira Lourenco,Italo,Cruzeiro Saf - MG
Itaro Patric Cardoso Calmon,Patric,Cuiabá Saf - MT
Iury Lirio Freitas de Castilho,Iury,Vitória - BA
Ivan Quaresma da Silva,Ivan,Vasco da Gama S.a.f. - RJ
Ivonei Junior da Silva Rabelo,Ivonei,Botafogo - SP
Jackson Diego Ibraim Fagundes,Jackson,Goiás - GO
Jacob Christian Montes,Jacob,Botafogo - RJ
Jadsom Meemyas de Oliveira da Silva,Jadsom Silva,Red Bull Bragantino - SP
Jadson Alves de Lima,Jadson,Atlético Mineiro - MG
Jailson Marques Siqueira,Jailson,Palmeiras - SP
Jair Paula da Cunha Filho,Jair Paula,Santos - SP
Jair Rodrigues Junior,Jair,Vasco da Gama S.a.f. - RJ
Jamerson Santos de Jesus,Jamerson,Coritiba S.a.f. - PR
James David Rodriguez Rubio,James Rodriguez,São Paulo - SP
Janderson de Carvalho Costa,Janderson,Botafogo - RJ
Jandrei Chitolina Carniel,Jandrei,São Paulo - SP
Jean Carlos da Silva Lima,Jean Carlos,Flamengo - RJ
Jean Dias da Costa,Jean Dias,Internacional - RS
Jean Gabriel Silveira,Jean Gabriel,Coritiba S.a.f. - PR
Jean Henrique Carneiro Pedroso,Jean,Coritiba S.a.f. - PR
Jean Lucas de Souza Oliveira,Jean,Santos - SP
Jefferson Junio Antonio da Silva,Jefferson Junio,Vasco da Gama S.a.f. - RJ
Jefferson Maciel Bento,JEFFERSON,Botafogo - RJ
Jemerson de Jesus Nascimento,Jemerson,Atlético Mineiro - MG
Jesé Rodriguez Ruiz,Jesé Rodriguez,Coritiba S.a.f. - PR
Jhegson Sebastian Mendez Carabali,Sebastian Mendez,São Paulo - SP
Jhoanner Stalin Chavez Quintero,Chavez,
Jhon Adolfo Arias Andrade,Jhon Arias,Fluminense - RJ
Jhonata Robert Alves da Silva,Jhonata Robert,Grêmio - RS
Jhonatan dos Santos Rosa,Jhon Jhon,Palmeiras - SP
Jhonatan Kauan Eleoterio Diogo,JHONATAN,Internacional - RS
Jhonny Cardinoti Pedro,Jhonny,Red Bull Bragantino - SP
Jhonny Lucas Flora Barboza,Jhonny,Vitória - BA
Jhosefer Raphael Januario,Jhosefer,Cruzeiro Saf - MG
João Batista da Cruz Santos Neto,João Neto,Fluminense - RJ
Joao Carlos Heidemann,Joao Carlos,Cuiabá Saf - MT
João Douglas de Sousa Silva,João Douglas,Red Bull Bragantino - SP
João Fernando Monteiro Siqueira,João Fernando,Botafogo - RJ
João Henrique Mendes da Silva,João Henrique (Esquerdinha),Fluminense - RJ
Joao Lucas de Almeida Carvalho,Joao,Santos - SP
Joao Lucas de Souza Cardoso,Joao Lucas,Internacional - RS
João Luiz da Silva Cipriano,Cipriano,Red Bull Bragantino - SP
Joao Marcelo Messias Ferreira,Joao Marcelo,Cruzeiro Saf - MG
Joao Marcos Garcia da Costa,Joao Marcos,Flamengo - RJ
João Moreira Sanmartin Souza,João Moreira,São Paulo - SP
Joao Othavio Basso,Joao,Santos - SP
Joao Paulo Dalla Corte,Dalla Corte,Internacional - RS
Joao Paulo de Souza Mares,Bitello,
Joao Paulo Silva Martins,Joao Paulo,Santos - SP
João Pedro da Cruz Oliveira,João Pedro Oliveira,Cruzeiro Saf - MG
Joao Pedro de Sousa Rodrigues,Joao Pedro,Corinthians - SP
Joao Pedro Dias de Oliveira,Joao Pedro,Internacional - RS
João Pedro Galvão de Carvalho,JP Galvão,Botafogo - RJ
Joao Pedro Geraldino dos Santos Galvao,Joao Pedro,Grêmio - RS
Joao Pedro Maturano dos Santos,Joao Pedro,Grêmio - RS
João Pedro Murilo de Paula Morais,João Pedro,Vasco da Gama S.a.f. - RJ
João Pedro Pantiga Gomes,João Pedro,São Paulo - SP
Joao Pedro Ramos Oliveira Lima,Joao Ramos,Grêmio - RS
Joao Pedro Vilardi Pinto,Pepe,Grêmio - RS
Joao Rafael Macedo Pereira,Joao Rafael,Atlético Mineiro - MG
Joao Ricardo Riedi,João Ricardo,Fortaleza - CE
Joao Victo Magno de Souza Machado,Joao,Goiás - GO
Joao Victor Andrade Caetano,Caetano,Corinthians - SP
João Victor Araújo Maraninir,JOÃO,Botafogo - SP
João Victor Broad Moreira Guimaraes,Jota,Bahia - BA
Joao Victor de Amorim Marinho,Balao,Santos - SP
João Victor Machado Cruz,João Cruz,Athletico Paranaense - PR
Joao Victor Santos Sa,Joao Victor,Botafogo - RJ
Joao Vitor Araujo da Silva,Joao Vitor,Grêmio - RS
Joao Vitor Balbino Cordeiro,Joao Vitor Balbino Cordeiro,Cuiabá Saf - MT
Joao Vitor da Silva Almeida,João Vitor,Coritiba S.a.f. - PR
Joao Vitor Tavares da Mota,Joao Vitor,Athletico Paranaense - PR
Joao Vitor Vallony da Silva,Da Silva,Red Bull Bragantino - SP
Joao Wellington Gadelha Melo de Oliveira,JAPA,Cruzeiro Saf - MG
Joaquim Henrique Pereira Silva,Joaquim,Santos - SP
Joaquin Piquerez Moreira,Joaquin Piquerez,Palmeiras - SP
John Kennedy Batista de Souza,John Kennedy,Fluminense - RJ
John Steven Mendoza Valencia,Mendoza,Santos - SP
John Victor Maciel Furtado,John,
Jonathan Alecxander da Silva Valerio,Jonathan Alecxander,America Saf - MG
Jonathan Calleri,Calleri,São Paulo - SP
Jonathan Renato Barbosa,Cafu,Cuiabá Saf - MT
Jorge Vinicius Ribeiro da Silva,Jorge Vinicius,Coritiba S.a.f. - PR
Joriwinnyson Santos dos Anjos Rodrigues,Joriwinnyson,America Saf - MG
Jose Andres Hurtado Cheme,Andres Hurtado,Red Bull Bragantino - SP
Jose Antonio dos Santos Junior,Junior,Botafogo - RJ
Jose Gabriel dos Santos Silva,Zé Gabriel,Vasco da Gama S.a.f. - RJ
Jose Guilherme de Lima Costa,José Guilherme,Grêmio - RS
Jose Henrique da Silva Dourado,Henrique Dourado,Chapecoense - SC
Jose Ivaldo Almeida Silva,Ze Ivaldo,
Jose Luis Rodriguez Bebanz,Puma Rodriguez,Vasco da Gama S.a.f. - RJ
Jose Manuel Alberto Lopez,Lopez,Palmeiras - SP
Jose Paulo Bezerra Maciel Junior,Paulinho,Corinthians - SP
Jose Rafael Vivian,Ze Rafael,Palmeiras - SP
Jose Ricardo Araujo Fernandes,Zé Ricardo,Tombense - MG
Jose Ricardo Batista Cerqueira,RICARDO,Cuiabá Saf - MT
Jose Rodolfo Pires Ribeiro,Dodo,Santos - SP
Jose Romario Silva de Souza,Romarinho,Fortaleza - CE
Jose Vitor Geminiano Cavalieri,Zé Vitor,Vasco da Gama S.a.f. - RJ
Jose Welinton Campos Menezes,Zé Welinton,Flamengo - RJ
José Welison da Silva,Welison,Fortaleza - CE
Josue Souza dos Santos,Josue,Grêmio - RS
Juan Christian Pereira Coelho,Juan Christian,Vila Nova - GO
Juan Manuel Iturbe Arevalos,Iturbe,Grêmio - RS
Juan Martin Lucero,Lucero,Fortaleza - CE
Juan Pablo Vilela Tavares,Juan Tavares,Cuiabá Saf - MT
Juan Ramon Cazares Sevillano,Cazares,America Saf - MG
Juan Santos da Silva,Juan,São Paulo - SP
Julian Eduardo Palacios,Julian,Goiás - GO
Julimar Silva Oliveira Junior,Julimar,Mirassol - SP
Julio Cesar Alves Gonçalves,Julio,America Saf - MG
Julio Cesar de Rezende Miranda,Rezende,Bahia - BA
Julio Cesar Furch,Julio Furch,Santos - SP
Julio Cesar Lima Fidelis,Julio Fidelis,Fluminense - RJ
Kaiki Bruno da Silva,Kaiki Bruno,Cruzeiro Saf - MG
Kaiky Marques Naves,Kaiky,Palmeiras - SP
Kaio Cesar Andrade Lima,Kaio Lima,Coritiba S.a.f. - PR
Kaique Pereira Azarias,Kaique,Palmeiras - SP
Kaique Rocha Lima,Kaique,Athletico Paranaense - PR
Kaua Diniz Rocha,kaua,America Saf - MG
Kauã Elias Nogueira,Kauã Elias,Fluminense - RJ
Kauan Jesus Santos Oliveira,Kauan,Internacional - RS
Kauan Martins Chagas,Kauan,Red Bull Bragantino - SP
Kauan Rodrigues da Silva,Kauan,Fortaleza - CE
Kauan Santos Silva,Kauan Santos,Palmeiras - SP
Kauan Silva Sales,KAUAN,Atlético Mineiro - MG
Kauê Rodrigues Pessanha,Kauê,Botafogo - RJ
Kauê Vinicius de Souza Camargo,KAUÊ C.,Corinthians - SP
Kawe Ferreira Godoy Viana,Kawe,Red Bull Bragantino - SP
Kayke Ferrari Guimaraes,Kayke,Corinthians - SP
Kayke Gouvêa Queiroz,KAYKE,Botafogo - RJ
Kayky da Silva Chagas,Kayky Chagas,
Kayky Henrique Almeida Brandão da Silva,Kayky Almeida,Fluminense - RJ
Kayque Luiz Pereira,Kayque,
Kayque Ryann Santos Silva,KAYQUE,Atlético Mineiro - MG
Keiller da Silva Nunes,Keiller,Internacional - RS
Kennedy Anderson Gomes Ferreira,Kennedy,Bahia - BA
Kervin Mario Andrade Navarro,Kervin,Fortaleza - CE
Kevin Joel Lomonaco,Kevin,
Kevin Santos Lopes de Macedo,Kevin,Palmeiras - SP
Kevyn Vinicius Medeiros de Freitas,Kevyn,Fluminense - RJ
Kevyson Costa E Silva,Kevyson,Santos - SP
Khellven Douglas Silva Oliveira,Khellven,
Leanderson da Silva Genesio,Lelê,Fluminense - RJ
Leandro Emmanuel Martinez,Emmanuel Martinez,America Saf - MG
Leandro Filipe de Almeida Dornelles,Filipe,Athletico Paranaense - PR
Leandro Josue Rodriguez Santaella,Leandro,Atlético Mineiro - MG
Leandro Mathias Silva Bueno,Leandro,São Paulo - SP
Leandro Viana da Silva Gama,Leandro Viana,Vasco da Gama S.a.f. - RJ
Leonardo Ataide de Oliveira Siqueira,Ataide,Athletico Paranaense - PR
Leonardo Augusto de Oliveira,Leo Oliveira,Cuiabá Saf - MT
Leonardo Cecilio Fernandez Lopez,Leo Fernandez,Fluminense - RJ
Leonardo Cesar Jardim,Leo Jardim,Vasco da Gama S.a.f. - RJ
Leonardo Cittadini,Cittadini,Bahia - BA
Leonardo de Azevedo Silva,Leonardo,Palmeiras - SP
Leonardo de Oliveira Jance,Leonardo,Fluminense - RJ
Leonardo Derik Dias Goncalves,Leonardo Derik,Athletico Paranaense - PR
Leonardo dos Santos Lopes da Silva,Leonardo Santos,Atlético Mineiro - MG
Leonardo Estigarribia Ferreira,Dourado,Athletico Paranaense - PR
Leonardo Gomes da Silva Jaco,Leonardo,Vasco da Gama S.a.f. - RJ
Leonardo Javier Realpe Montaño,Léo Realpe,Red Bull Bragantino - SP
Leonardo Mana Hernandes,Léo Mana,Corinthians - SP
Leonardo Matias Baiersdorf Linck,Leo Linck,Athletico Paranaense - PR
Leonardo Pereira,Leo Pereira,Flamengo - RJ
Leonardo Pinheiro da Conceicao,Léo,Vasco da Gama S.a.f. - RJ
Leonardo Rech Ortiz,Léo Ortiz,Red Bull Bragantino - SP
Leonel Di Placido,Di Placido,Botafogo - RJ
Lian dos Santos da Silva,Lian,Grêmio - RS
Lorran Lucas Pereira de Sousa,Lorran,Flamengo - RJ
Luan Candido de Almeida,Luan Candido,Red Bull Bragantino - SP
Luan de Campos Cristino da Silva,LUAN,
Luan de Freitas Molarinho Chagas,Luan Freitas,Londrina - PR
Luan Dias da Silva,Luan,Santos - SP
Luan Garcia Teixeira,Luan Garcia,Palmeiras - SP
Luan Guilherme de Jesus Vieira,Luan,Grêmio - RS
Luan Jesus Mendes de Lima,Luan,Internacional - RS
Luan Patrick Wiedthauper,Luan Patrick,Red Bull Bragantino - SP
Luan Polli Gomes,Luan Polli,Coritiba S.a.f. - PR
Luan Vinicius da Silva Santos,Luan Silva,São Paulo - SP
Luca Nicolas Orellano,Orellano,Vasco da Gama S.a.f. - RJ
Lucas Agustin Besozzi,Besozzi,Grêmio - RS
Lucas Alexandre Galdino de Azevedo,Lucão,Red Bull Bragantino - SP
Lucas Andres Mugni,Mugni,Bahia - BA
Lucas Angel Esquivel,Lucas Esquivel,Athletico Paranaense - PR
Lucas Belezi Barbosa,Lucas Belezi,Athletico Paranaense - PR
Lucas Braga Ribeiro,Lucas,Santos - SP
Lucas Cardoso Moreira,Lucas Cardoso,Botafogo - SP
Lucas da Cruz Oliveira,Lucas Oliveira,Cruzeiro Saf - MG
Lucas da Silva Izidoro,Lucas,Cuiabá Saf - MT
Lucas da Silva Justen,Justen,Fluminense - RJ
Lucas de Figueiredo Crispim,Lucas Crispim,Fortaleza - CE
Lucas de Ramos Silveira,Lucas Ramos,Internacional - RS
Lucas de Souza Cunha,Lucas Cunha,Red Bull Bragantino - SP
Lucas Domingues Piazon,Lucas,
Lucas Eduardo de Souza Oliveira,Lucas Eduardo,Vasco da Gama S.a.f. - RJ
Lucas Eduardo Muller,Mila,Grêmio - RS
Lucas Eduardo Ribeiro de Souza,Edu,Goiás - GO
Lucas Emmanuel Araujo Macedo,LUCAS,Aparecida Esporte Clube - GO
Lucas Estella Perri,Lucas Perri,Botafogo - RJ
Lucas Esteves Souza,Lucas Esteves,Atlético - GO
Lucas Evangelista Santana de Oliveira,Evangelista,Red Bull Bragantino - SP
Lucas Fernandes da Silva,Lucas,Botafogo - RJ
Lucas Figueiredo dos Santos,Figueiredo,Vasco da Gama S.a.f. - RJ
Lucas Fonseca Gomes Barreto,Lucas,Botafogo - RJ
Lucas Halter,Halter,Goiás - GO
Lucas Henrique Barbosa,Lucas,Coritiba S.a.f. - PR
Lucas Kal Schenfeld Prigioli,Lucas,America Saf - MG
Lucas Lopes Beraldo,Beraldo,São Paulo - SP
Lucas Mazdiel Aruba Santos,Aruba,Bahia - BA
Lucas Pacheco Affini,Lucas,Fortaleza - CE
Lucas Pires Silva,Lucas Pires,
Lucas Piton Crivellaro,Lucas Piton,Vasco da Gama S.a.f. - RJ
Lucas Rafael Araujo Lima,Lucas Lima,Santos - SP
Lucas Rafael Gonçalves da Silva,Lucas Rafael,Red Bull Bragantino - SP
Lucas Rodrigues Moura da Silva,Lucas,São Paulo - SP
Lucas Ronier Vieira Pires,LUCAS RONIER,Coritiba S.a.f. - PR
Lucas Silva Borges,Lucas Silva,Cruzeiro Saf - MG
Lucas Verissimo da Silva,Lucas Verissimo,Corinthians - SP
Lucca Holanda Sampaio Tavares,Lucca,Internacional - RS
Lucca Prior Pimenta,Lucca,Athletico Paranaense - PR
Luciano Batista da Silva Junior,Luciano Juba,Bahia - BA
Luciano Castan da Silva,Luciano Castan,Cruzeiro Saf - MG
Luciano da Rocha Neves,Luciano,São Paulo - SP
Luciano Daniel Arriagada Garcia,Luciano Arriagada,Athletico Paranaense - PR
Luighi Hanri Sousa Santos,Luighi,Palmeiras - SP
Luis Alberto Suarez Diaz,Suarez,Grêmio - RS
Luis Antonio da Rocha Junior,J. Capixaba,Red Bull Bragantino - SP
Luis Antonio Ferreira Rodrigues,Luis,Sport - PE
Luis Eduardo Marques dos Santos,Dudu,Fortaleza - CE
Luis Eduardo Soares da Silva,Cuiabano,Grêmio - RS
Luis Felipe Nascimento Miranda,Mina,Goiás - GO
Luis Felipe Oyama,Luis,Goiás - GO
Luis Fernando Santos da Silva,Luis Fernando,Fluminense - RJ
Luis Fernando Santos Oliveira,Luis Fernando,Cruzeiro Saf - MG
Luis Geovanny Segovia Vega,Luis Segovia,
Luis Guilherme Lira dos Santos,Luis Guilherme,Palmeiras - SP
Luis Henrique Fonseca Soares,Luis,Cuiabá Saf - MT
Luis Henrique Hoffmann,Zinho,Grêmio - RS
Luis Henrique Tomaz de Lima,Luis Henrique,Botafogo - RJ
Luis Manuel Orejuela Garcia,Orejuela,
Luiz Adriano Souza da Silva,Luiz Adriano,Internacional - RS
Luiz de Araujo Guimaraes Neto,Luiz,Flamengo - RJ
Luiz Diallisson de Souza Alves,Apodi,Goiás - GO
Luiz Felipe do Nascimento dos Santos,Luiz Felipe,Atlético - GO
Luiz Felipe Mathias Silva,Silva,Cuiabá Saf - MT
Luiz Fernando Salles de Castro,Sorriso,Athletico Paranaense - PR
Luiz Filipe da Rosa Machado,Filipe Machado,Cruzeiro Saf - MG
Luiz Filipe dos Reis Silva,Luiz Filipe,Sao Bernardo Fc - SP
Luiz Gustavo Lemos Carvalho,Luiz Gustavo,Corinthians - SP
Lyncon Correa Gonçalves,Lyncon,Vasco da Gama S.a.f. - RJ
Madson Ferreira dos Santos,Madson,Athletico Paranaense - PR
Magno Jose da Silva,Magno Jose,Goiás - GO
Maicon Pereira Roque,Maicon,Vasco da Gama S.a.f. - RJ
Manoel Messias Silva Carvalho,Manoel,Fluminense - RJ
Manuel Vicente Capasso,Capasso,Vasco da Gama S.a.f. - RJ
Marcello Gesteira de Souza,Marcello,Bahia - BA
Marcelo Braz da Silva,Marcelo,Red Bull Bragantino - SP
Marcelo Cirino da Silva,Marcelo Cirino,Athletico Paranaense - PR
Marcelo da Conceiçao Benevenuto Malaquias,Marcelo,Fortaleza - CE
Marcelo Lomba do Nascimento,Marcelo Lomba,Palmeiras - SP
Marcelo Rangel Rosa,Rangel,Goiás - GO
Marcelo Vieira da Silva Junior,Marcelo,Fluminense - RJ
Marcilio Florencio Mota Filho,Nino,Fluminense - RJ
Marcio Almeida de Oliveira,Marcinho,America Saf - MG
Marcio Rafael Ferreira de Souza,Rafinha,São Paulo - SP
Marco Antonio Amorim de Oliveira Montes,Marcão,Coritiba S.a.f. - PR
Marcos Andre Paulino Maia,Marcão,Athletico Paranaense - PR
Marcos da Silva Franca,Keno,Fluminense - RJ
Marcos Felipe de Freitas Monteiro,Marcos Felipe,Bahia - BA
Marcos Leonardo Santos Almeida,Marcos Leonardo,Santos - SP
Marcos Luis Rocha Aquino,Marcos Rocha,Palmeiras - SP
Marcos Paulo Costa do Nascimento,Marcos Paulo,São Paulo - SP
Marcos Paulo Lima Batista Silva,Marcos Paulo,Flamengo - RJ
Marcos Victor Ferreira da Silva,Marcos Victor,Bahia - BA
Marcos Vinicios Lopes Moura,Sorriso,Red Bull Bragantino - SP
Mariano Ferreira Filho,Mariano,Atlético Mineiro - MG
Mario Sergio Santos Costa,Marinho,Fortaleza - CE
Marllon Goncalves Jeronimo Borges,Marllon,Cuiabá Saf - MT
Marlon dos Santos Pinto,Marlon,Vasco da Gama S.a.f. - RJ
Marlon Gomes Claudino,Marlon Gomes,Vasco da Gama S.a.f. - RJ
Marlon Matheus Lopes do Nascimento,Marlon,America Saf - MG
Marlon Rodrigues Freitas,Marlon Freitas,Botafogo - RJ
Marlon Rodrigues Xavier,Marlon,Cruzeiro Saf - MG
Marlon Santos da Silva Barbosa,Marlon Santos,Fluminense - RJ
Marques Rickelme Cabral Barbosa,Marques Rickelme,São Paulo - SP
Marrony da Silva Liberato Silveira,Marrony,
Martin Nicolas Benitez,Martin Benitez,America Saf - MG
Mateo Ponte Costa,Mateo Ponte,Botafogo - RJ
Mateus Carvalho dos Santos,Mateus Carvalho,Vasco da Gama S.a.f. - RJ
Mateus da Silva Duarte,Matheusinho,Cuiabá Saf - MT
Mateus da Silva Vital Assumpção,Mateus,Cruzeiro Saf - MG
Mateus Dias Lima,Mateusão,
Mateus Eduardo Claus,Mateus Claus,Bahia - BA
Mateus Goncalves Martins,Mateus Gonçalves,Vitória - BA
Mateus Henrique Alves Silva,Mateus,America Saf - MG
Mateus Jose Iseppe,Mateus Iseppe,Atlético Mineiro - MG
Mateus Oliveira Mendes,Mateus Oliveira,Palmeiras - SP
Mateus Pasinato,Mateus,America Saf - MG
Matheus Alexandre Anastacio de Souza,Matheus Alexandre,Cuiabá Saf - MT
Matheus Alves da Silva Cardoso,Matheus Alves,Goiás - GO
Matheus Bahia Santos,Matheus Bahia,Bahia - BA
Matheus Barcelos da Silva,Matheus Babi,Goiás - GO
Matheus Correa Leite de Moraes Gonçalves,Matheus Corrêa,Corinthians - SP
Matheus Cunha Queiroz,Matheus Cunha,Flamengo - RJ
Matheus de Araujo Andrade,Matheus Araujo,Corinthians - SP
Matheus dos Reis Francisco,Matheus Reis,Fluminense - RJ
Matheus dos Santos Dias,Matheus,Internacional - RS
Matheus dos Santos Miranda,Miranda,Vasco da Gama S.a.f. - RJ
Matheus Felipe Santos Nascimento,Matheus Felipe,Athletico Paranaense - PR
Matheus Fellipe Costa Pereira,Matheus Pereira,Cruzeiro Saf - MG
Matheus Fernandes Siqueira,Matheus Fernandes,Red Bull Bragantino - SP
Matheus Fernando Cavichioli,Matheus,America Saf - MG
Matheus França de Oliveira,Matheus França,
Matheus Franca Silva,Matheuzinho,Flamengo - RJ
Matheus Gabriel Julião Damasceno,Matheus,Vasco da Gama S.a.f. - RJ
Matheus Gonçalves Martins,Matheus Gonçalves,Red Bull Bragantino - SP
Matheus Henrique Bianqui,Matheus,Coritiba S.a.f. - PR
Matheus Isaias dos Santos,Matheus,Cruzeiro Saf - MG
Matheus Jorge Martins dos Santos,Matheus Jorge,Cuiabá Saf - MT
Matheus Jose Belem de Souza,Matheus,São Paulo - SP
Matheus Leonardo Sales Cardoso,Matheusinho,America Saf - MG
Matheus Lima Beltrao Oliveira,Matheus Bidu,Corinthians - SP
Matheus Martinelli Lima,Martinelli,Fluminense - RJ
Matheus Mendes Werneck de Oliveira,Matheus Mendes,Atlético Mineiro - MG
Matheus Nascimento de Paula,Matheus Nascimento,Botafogo - RJ
Matheus Planelles Donelli,Matheus Donelli,Corinthians - SP
Matheus Santos Soares,Matheus,Mirassol - SP
Matheus Vieira Campos Peixoto,Matheus Peixoto,Atlético - GO
Mathias Adalberto Villasanti Rolon,Villasanti,Grêmio - RS
Matias Emanuel Segovia Torales,Matias Segovia,Botafogo - RJ
Matias Galarza Fonda,Matias Galarza,Club Atletico Talleres - RJ
Matias Nicolas Rojas Romero,Matias Rojas,Corinthians - SP
Matteo Amaral Amoroso dos Santos,Matteo,Internacional - RS
Mauricio de Carvalho Antonio,Mauricio,Coritiba S.a.f. - PR
Mauricio Garcez de Jesus,MAURICIO,Coritiba S.a.f. - PR
Mauricio Kozlinski,Mauricio Kozlinski,Fortaleza - CE
Mauricio Magalhaes Prado,Mauricio,Internacional - RS
Mauro Joel Carli,Carli,
Maximiliano Joaquin Silvera Cabo,Maximiliano,Santos - SP
Maycon Cleiton de Paula Azevedo,Maycon,Red Bull Bragantino - SP
Maycon de Andrade Barberan,Maycon,Corinthians - SP
Maycon Vinicius Ferreira da Cruz,Nikao,Cruzeiro Saf - MG
Mayke Rocha de Oliveira,Mayke,Palmeiras - SP
Messias Rodrigues da Silva Junior,Messias,Santos - SP
Michel Augusto Modesto Rafael dos Santos,Michel,Palmeiras - SP
Michel Daryl Araujo Villar,Michel Araujo,São Paulo - SP
Miguel Angel Terceros Acuna,Miguel,Santos - SP
Miguel David Terans Perez,David Terans,
Mikael Filipe Viana de Sousa,MIKAEL,America Saf - MG
Moises Vieira da Veiga,Moises,
Murillo Santiago Costa dos Santos,Murillo,
Murilo Cerqueira Paim,Murilo,Palmeiras - SP
Mycael Pontes Moreira,Mycael,Athletico Paranaense - PR
Nahuel Adolfo Ferraresi Hernandez,Ferraresi,São Paulo - SP
Nata Felipe de Amorim Santos,Nata,Grêmio - RS
Natan Bernardo de Souza,Natan,
Natan Rodrigues de Sales,Natan,America Saf - MG
Natanael Moreira Milouski,Natanael Milouski,Coritiba S.a.f. - PR
Nathan Allan de Souza,Nathan,Grêmio - RS
Nathan Camargo dos Santos,Nathan Camargo,Red Bull Bragantino - SP
Nathan Gabriel de Souza Mendes,Nathan,São Paulo - SP
Nathan Melo Silva,Nathan,Abc - RN
Nathan Ribeiro Fernandes,Nathan,Grêmio - RS
Nathan Santos de Araújo,Nathan,
Nathanael Ananias da Silva,Nathan Silva,
Neuciano de Jesus Gusmao,Cicinho,Bahia - BA
Newton Araujo da Costa Junior,Newton,Botafogo - RJ
Nicolas Brian Acevedo Tabarez,Acevedo,Bahia - BA
Nicolas Godinho Johann,Nicolas,Ceará - CE
Nicolas Hernandez Rodriguez,Nicolas Hernandez,Internacional - RS
Nicolas Quagliata Platero,Nicolas,Cuiabá Saf - MT
Nicolas Vichiatto da Silva,Nicolas,America Saf - MG
Nilton Amador de Oliveira Filho,Nilton,Cuiabá Saf - MT
Oscar Javier Mendez Albornoz,Javier Mendez,America Saf - MG
Otavio Eleodoro Rezende Costa,OTAVIO,Cruzeiro Saf - MG
Otavio Henrique Passos Santos,Otavio,Atlético Mineiro - MG
Pablo Daniel Ceppelini Gatto,Pablo Ceppelini Gatto,
Pablo de Paula Cardoso,Pablo de Paula,Vasco da Gama S.a.f. - RJ
Pablo Ezequiel Vegetti,Vegetti,Vasco da Gama S.a.f. - RJ
Pablo Felipe Teixeira,Pablo,Athletico Paranaense - PR
Pablo Gonçalves Maia Fortunato,Pablo,São Paulo - SP
Pablo Henrique Almeida Silva,PABLO,Cuiabá Saf - MT
Pablo Nascimento Castro,Pablo,Flamengo - RJ
Paolo Mauricio Lemos Merladett,Muricio Lemos,Atlético Mineiro - MG
Patrick Bezerra do Nascimento,Patrick,Atlético Mineiro - MG
Patrick de Lucca Chaves de Oliveira,de Lucca,Vasco da Gama S.a.f. - RJ
Patrick Paixão Sumas Costa,Patrick,
Patrick Verhon Pertel Pereira,Patrick Verhon,Bahia - BA
Patryck Lanza dos Reis,Patryck,São Paulo - SP
Paulo Ganem Souto Neto,Paulo Souto,Bahia - BA
Paulo Henrique Chagas de Lima,PH GANSO,Fluminense - RJ
Paulo Henrique de Oliveira Alves,Paulo Henrique,Vasco da Gama S.a.f. - RJ
Paulo Henrique Pereira da Silva,Paulo,America Saf - MG
Paulo Henrique Sampaio Filho,Paulinho,Atlético Mineiro - MG
Paulo Lucas Santos de Paula,Paulinho,Vasco da Gama S.a.f. - RJ
Paulo Mazoti Azevedo,Paulo,Santos - SP
Paulo Ricardo Alves Ibelli,PAULO,America Saf - MG
Paulo Ricardo de Souza Babilonia,Paulinho,Vasco da Gama S.a.f. - RJ
Paulo Victor de Almeida Barbosa,Paulo Victor,Ceará - CE
Paulo Vitor Fernandes Pereira,Paulo Vitor,Cruzeiro Saf - MG
Paulo Vitor Monteiro,Vitinho,Atlético Mineiro - MG
Pedro Augusto Borges da Costa,Pedro,Fortaleza - CE
Pedro Felipe de Faria Rangel,Pedro Rangel,Fluminense - RJ
Pedro Gabriel Pereira Lopes,Pedrinho,America Saf - MG
Pedro Guilherme Abreu dos Santos,Pedro,Flamengo - RJ
Pedro Henrique Azevedo Pereira,Pedrinho,
Pedro Henrique Cunha Scaramussa,Pedro Henrique,Santos - SP
Pedro Henrique de Assis,Pedrinho,Corinthians - SP
Pedro Henrique Fonseca de Araujo Martins,Pedrinho,Flamengo - RJ
Pedro Henrique Franklim da Silva,Pedrão,Cruzeiro Saf - MG
Pedro Henrique Konzen Medina da Silva,Pedro,Internacional - RS
Pedro Henrique Ribeiro Goncalves,Pedro Henrique,Athletico Paranaense - PR
Pedro Henrique Silva dos Santos,Pedrinho,Corinthians - SP
Pedro Junqueira de Oliveira,Pedrinho,Goiás - GO
Pedro Lima Barros,Pedro Lima,
Pedro Luccas Morisco da Silva,Pedro Morisco,Coritiba S.a.f. - PR
Pedro Raul Garay da Silva,Pedro Raul,
Pedro Rocha Neves,Pedro Rocha,Fortaleza - CE
Pedro Tonon Geromel,Geromel,Grêmio - RS
Pedro Veronez Vilhena,Pedrinho,São Paulo - SP
Pedro Victor da Silva Santos,Vitinho,Bahia - BA
Pedro Victor Delmino da Silva,Pedrinho,Atlético Mineiro - MG
Petterson Novaes Reis,Petterson,Flamengo - RJ
Philipe Sampaio Azevedo,Philipe,Botafogo - RJ
Philippe Almeida Costa,Philippe,Goiás - GO
Rafael Antonio Figueiredo Ramos,Rafael Ramos,Corinthians - SP
Rafael Bilu Mudesto,Bilu,Cruzeiro Saf - MG
Rafael Cabral Barbosa,Rafael Cabral,Cruzeiro Saf - MG
Rafael Elias da Silva,Rafael Papagaio,Cruzeiro Saf - MG
Rafael Gustavo Meneghel Gava,Rafael Gava,Avaí - SC
Rafael Monteiro Reis,Rafael Monteiro,Fluminense - RJ
Rafael Navarro Leal,Rafael Navarro,
Rafael Pereira da Silva,Rafael,Botafogo - RJ
Rafael Pires Monteiro,Rafael,São Paulo - SP
Rafael Raul Barcelos,Rafa,America Saf - MG
Rafael Rogerio da Silva,Rafael Ratão,Bahia - BA
Rafael Soares de Jesus,Rafael Soares,Bahia - BA
Rai da Silva Pessanha,RAI,Botafogo - RJ
Rai dos Reis Ramos,Rai,São Paulo - SP
Ramiro Moschen Benetti,Ramiro,Cruzeiro Saf - MG
Ramon Vargas de Jesus Farias,Ramon,Botafogo - RJ
Raniele Almeida Melo,Raniele,Cuiabá Saf - MT
Raphael Cavalcante Veiga,Raphael Veiga,Palmeiras - SP
Raphael Gregorio Guzzo,Raphael Guzzo,Goiás - GO
Raul Gustavo Pereira Bicalho,Raul Gustavo,Bahia - BA
Raul Lô Gonçalves,Raul,Red Bull Bragantino - SP
Ray Breno Silva Valentim,Ray,Vasco da Gama S.a.f. - RJ
Rayan Lucas Marques de Souza,Rayan Lucas,Flamengo - RJ
Rayan Vitor Simplício Rocha,Rayan,Vasco da Gama S.a.f. - RJ
Reinaldo Manoel da Silva,Reinaldo,Grêmio - RS
Reinaldo Nascimento Satorno,Reinaldo,
Renan Carrasco Veltri,Renan,Cuiabá Saf - MT
Renan Cunha Macedo Santana,Renan,Atlético Mineiro - MG
Renan Rodrigues Fonseca Viana,Renan Viana,Athletico Paranaense - PR
Renato Kayzer de Souza,Renato Kayzer,America Saf - MG
Renato Marques de Oliveira Junior,Renato,America Saf - MG
Renato Santos da Cruz,Renato,Corinthians - SP
Renato Soares de Oliveira Augusto,Renato Augusto,Corinthians - SP
Rene Rodrigues Martins,Rene,Internacional - RS
Renyer Luan de Oliveira Damasceno,Renyer,Santos - SP
Renzo Saravia,Renzo Saravia,Atlético Mineiro - MG
Rever Humberto Alves de Araujo,Rever,Atlético Mineiro - MG
Reynaldo Cesar Moraes,Reynaldo,Coritiba S.a.f. - PR
Rhuan Gabriel Rodrigues de Souza Silva,Rhuan Gabriel,Cruzeiro Saf - MG
Rhuan Lucas Gonçalves da Costa,RHUAN,Botafogo - RJ
Rhyan Luca Carvalho de Arruda,RHYAN,Cuiabá Saf - MT
Ricardo Cesar Dantas da Silva,Ricardo Silva,America Saf - MG
Ricardo Goulart Pereira,Ricardo Goulart,
Ricardo Mathias da Silva,Ricardo,Internacional - RS
Richard Candido Coelho,Richard,
Richard Rios Montoya,Richard Rios,Palmeiras - SP
Rikelme Hernandes Amorim Rocha,RIKELME,Cuiabá Saf - MT
Riquelme de Carvalho Araujo Viana,Riquelme,Vasco da Gama S.a.f. - RJ
Riquelme de Sousa Gomes Inacio,Riquelme,Fortaleza - CE
Riquelme Fillipi Marinho de Souza,Riquelme,Palmeiras - SP
Riquelmy de Oliveira Santos,Riquelmy,Internacional - RS
Robert Abel Arboleda Escobar,Arboleda,São Paulo - SP
Robert Vinicius Rodrigues Silva,Robert,Cruzeiro Saf - MG
Roberto Junior Fernandez Torres,Gatito Fernandes,Botafogo - RJ
Robson Alves de Barros,Robson,Vasco da Gama S.a.f. - RJ
Robson dos Santos Fernandes,Robson,Coritiba S.a.f. - PR
Robson Luiz dos Santos Nascimento,Robson,
Rodrigo Alves de Holanda Santos,Rodrigo,Londrina - PR
Rodrigo Andrés Battaglia,Rodrigo Battaglia,Atlético Mineiro - MG
Rodrigo Caio Coquette Russo,Rodrigo Caio,Flamengo - RJ
Rodrigo Cunha Pereira de Pinho,Rodrigo,Coritiba S.a.f. - PR
Rodrigo Ely,R. Ely,Grêmio - RS
Rodrigo Fernandez Cedres,Rodrigo,Santos - SP
Rodrigo Garcia de Lima Baz de Medeiros,Rodrigo,Flamengo - RJ
Rodrigo Henrique Santos de Souza,Rodrigo,America Saf - MG
Rodrigo Huendra Almeida Mendonça,RODRIGUINHO,São Paulo - SP
Rodrigo Modesto da Silva Moledo,Moledo,Internacional - RS
Rodrigo Nestor Bertalia,Rodrigo Nestor,São Paulo - SP
Rodrigo Santos Varanda,Rodrigo Varanda,America Saf - MG
Roger Gabriel Farias de Jesus,Roger,Bahia - BA
Roger Krug Guedes,Roger Guedes,
Roger Ruan Pereira Santos,Roger Pereira,Bahia - BA
Romulo Helberte Pereira Junior,Rômulo,Atlético Mineiro - MG
Romulo Jose Cardoso da Cruz,Romulo,Athletico Paranaense - PR
Romulo Zanre Zwarg,Romulo,Internacional - RS
Ronald Barbosa Raposo,Ronald,Cuiabá Saf - MT
Ronald Barcellos Arantes,Ronald,
Ronald Cardoso Falkoski,Ronald,Grêmio - RS
Ronald dos Santos Lopes,Ronald,Cuiabá Saf - MT
Roni Medeiros de Moura,Roni,Corinthians - SP
Ronielson da Silva Barbosa,Rony,Palmeiras - SP
Rosicley Pereira da Silva,Rossi,Vasco da Gama S.a.f. - RJ
Ruan de Oliveira Ferreira,RUAN,Corinthians - SP
Ruan Lucas de Assis,Ruan Lucas,Coritiba S.a.f. - PR
Ruan Matheus Rodrigues Santos,Ruan Matheus,Cruzeiro Saf - MG
Ruan Silva Fonseca,RUAN,Cruzeiro Saf - MG
Rubens Antonio Dias,Rubens,Atlético Mineiro - MG
Rwan Philipe Rodrigues de Souza Cruz,Rwan,
Ryan Carlos Santos de Sousa,Ryan,Bahia - BA
Ryan Francisco Rodrigues dos Santos Silva,Ryan Francisco,São Paulo - SP
Ryan Gustavo de Lima,RYAN,Corinthians - SP
Sammuel Queiroz de Freitas,Sammuel,Atlético - GO
Samuel Alves Barroso,SAMUEL ALVES,America Saf - MG
Samuel Xavier Brito,Samuel Xavier,Fluminense - RJ
Sander Henrique Bortolotto,Sander,Goiás - GO
Sandry Roberto Santos Goes,Sandry,Santos - SP
Sebastian Gomez Londono,Sebastian Gomez,Coritiba S.a.f. - PR
Sergio Antonio da Luz Junior,Serginho,Vasco da Gama S.a.f. - RJ
Sergio Ramon Rochet Alvarez,Rochet,Internacional - RS
Severino do Ramo Clementino da Silva,Nino Paraiba,Paysandu - PA
Sidimar Fernando Cigolini,Sidimar,Goiás - GO
Sidney de Carvalho Duarte,Sidney,Bahia - BA
Silvio Ezequiel Romero,Silvio Romero,Fortaleza - CE
Stenio Zanetti Toledo,Stênio,Cruzeiro Saf - MG
Tadeu Antonio Ferreira,Tadeu,Goiás - GO
Talisson de Almeida,Talisson,Red Bull Bragantino - SP
Talles Macedo Toledo Costa,Talles Costa,São Paulo - SP
Talles Wander Santos Ribeiro,Talles,São Paulo - SP
Tarcisio Lopes Dionizio Muniz,Tarcisio,Cuiabá Saf - MT
Tauan Gabriel da Silva Santos,TAUAN,Cuiabá Saf - MT
Thaciano Mickael da Silva,Thaciano,Bahia - BA
Thalisson Gabriel Pereira Moreira,Thalisson Gabriel,Coritiba S.a.f. - PR
Thalys Henrique Gomes de Araujo,THALYS,Palmeiras - SP
Thauan Lara dos Santos,THAUAN LARA,Internacional - RS
Thiago Beltrame Stallbaum,Thiago Beltrame,Grêmio - RS
Thiago Dombroski Moreira,Thiago Dombroski,Coritiba S.a.f. - PR
Thiago dos Santos,Thiago Santos,Fluminense - RJ
Thiago Eduardo de Andrade,Thiago,Athletico Paranaense - PR
Thiago Galhardo do Nascimento Rocha,Thiago Galhardo,Fortaleza - CE
Thiago Heleno Henrique Ferreira,Thiago Heleno,Athletico Paranaense - PR
Thiago Henrique Gonçalves Silva,Thiago,Fluminense - RJ
Thiago Maia Alencar,Thiago Maia,Flamengo - RJ
Thiago Nicolas Borbas Silva,Thiago Borbas,Red Bull Bragantino - SP
Thomas Luciano Trindade Lopes Mathias,Thomas Luciano,
Thomas Rafael Gonçalves Lisboa,Thomas,Corinthians - SP
Thomas Ubisk da Silva,THOMAS,Cuiabá Saf - MT
Tiago Gomes dos Santos,Tiago Gomes,Bahia - BA
Tiago Souza de Jesus Carvalho,Tiago,Bahia - BA
Titto Teles Vasconcelos Mattos,TITTO,Cuiabá Saf - MT
Tobias Pereira Figueiredo,Tobias,Fortaleza - CE
Tomás Eduardo Rincón Hernández,Tomás Rincón,Santos - SP
Tomas Esteban Cuello,Cuello,Athletico Paranaense - PR
Tomas Pochettino,Pochettino,Fortaleza - CE
Uendel Pereira Goncalves,Uendel,Cuiabá Saf - MT
Uilson de Souza Paula Junior,Junior Caiçara,Santos - SP
Valentín Nicolás Adamo Reyes,Valentín Adamo,Botafogo - RJ
Vanderlan Barbosa da Silva,Vanderlan,Palmeiras - SP
Victor Araujo de Alencar Oliveira,Victor Araujo,Vasco da Gama S.a.f. - RJ
Victor Danilo Cantillo Jimenez,Cantillo,Corinthians - SP
Victor de Oliveira Souza Silva,Vitinho,Corinthians - SP
Victor Hugo da Silva Costa,Vitinho,
Victor Hugo Gomes Silva,Victor Hugo,Flamengo - RJ
Victor Hugo Soares dos Santos,Kanu,Bahia - BA
Victor Leandro Cuesta,Victor Cuesta,Botafogo - RJ
Victor Luis Chuab Zamblauskas,Victor,Coritiba S.a.f. - PR
Victor Matheus dos Santos Gonçalves,Victor Matheus,Cuiabá Saf - MT
Victor Yan Souza Santos,Victor Yan,
Viery Fernandes Santos Lopes,Viery,Grêmio - RS
Vinicius Alessandro Mingotti,Mingotti,Bahia - BA
Vinicius Balieiro Lourenco de Carvalho,Vinicius,Ituano - SP
Vinicius Cressi,Vinicius,Corinthians - SP
Vinicius de Souza Alves,Vinicius Souza,Internacional - RS
Vinicius Dorneles Teixeira,Vinicius Dorneles,Cuiabá Saf - MT
Vinicius dos Santos de Oliveira Paiva,Vinicius,
Vinicius Goes Barbosa de Souza,Vina,
Vinicius Gonçalves Boff,Vinicius,Pouso Alegre - MG
Vinicius Kaue Ribeiro Ferreira,Vinícius Kauê,Athletico Paranaense - PR
Vinicius Mendonca Pereira,Vinicinho,Red Bull Bragantino - SP
Vinicius Moreira de Lima,Lima,Fluminense - RJ
Vinicius Nelson de Souza Zanocelo,Zanocelo,Fortaleza - CE
Vinicius Pasquini Peruchi,PERUCHI,Cuiabá Saf - MT
Vinicius Rangel da Silva,Vinicius Rangel,
Vinicius Rodrigues Adelino dos Santos,Vinicius,Goiás - GO
Vinicius Santos Silva,Vinicius,Goiás - GO
Vinicius Silvestre da Costa,Vinicius,
Vinicius Teodoro Barreta Melo,Vinicius,Cuiabá Saf - MT
Vitor Alves Meer,Vitor Meer,Corinthians - SP
Vitor de Oliveira Nunes dos Reis,Vitor Reis,Palmeiras - SP
Vitor dos Santos Figueiredo,Figueiredo,Palmeiras - SP
Vitor Eduardo da Silva Matos,Vitão,Internacional - RS
Vitor Eudes de Souza Costa,Vitor Eudes,Fluminense - RJ
Vitor Frezarin Bueno,Vitor Bueno,Athletico Paranaense - PR
Vitor Gabriel Reis Guimaraes,Vitor Gabriel,Atlético Mineiro - MG
Vitor Hugo Amorim de Assis,Vitor Hugo,Cruzeiro Saf - MG
Vitor Hugo Franchescoli de Souza,Vitor Hugo,Bahia - BA
Vitor Hugo Morais de Oliveira,Sapata,Botafogo - RJ
Vitor Hugo Naum dos Santos,Vitinho,Red Bull Bragantino - SP
Vitor Hugo Roque Ferreira,Vitor Roque,Athletico Paranaense - PR
Vitor Hugo Santos Graziani,Vitor Graziani,Atlético Mineiro - MG
Vitor Mendes Alves,Vitor Mendes,Fluminense - RJ
Vladimir Orlando Cardoso de Araujo Filho,Vladimir,Santos - SP
Walce da Silva Costa Filho,Walce,São Paulo - SP
Wallace Yan de Souza Barreto,Wallace Yan,Flamengo - RJ
Wallison Nunes Silva,Wallison,Botafogo - RJ
Wallisson Luiz Alves Maximo,Wallisson,
Walter Kannemann,Kannemann,Grêmio - RS
Walter Leandro Capeloza Artune,Walter,Cuiabá Saf - MT
Wanderson Maciel Sousa Campos,WANDERSON,Internacional - RS
Wanderson Santos Pereira,Wanderson,America Saf - MG
Washington Omar Aguerre Lima,Aguerre,America Saf - MG
Welington Damascena Santos,Welington,São Paulo - SP
Wellington Alves da Silva,Wellington Silva,Cuiabá Saf - MT
Wellington Pereira do Nascimento,Wellington Paulista,America Saf - MG
Wellington Soares da Silva,Wellington Rato,São Paulo - SP
Wendel Santana Franca,Wendel Canela,Bahia - BA
Wendell Silva Santos dos Santos,Wendell,
Werik Silva Pinto,Werik Popó,
Werton de Almeida Rego,Werton,Flamengo - RJ
Wesley Costa da Silva,Wesley,Grêmio - RS
Wesley da Conceicao Duarte Moreira,Wesley Pomba,Ituano - SP
Wesley David de Oliveira Andrade,Wesley,Cruzeiro Saf - MG
Wesley Gabriel Freire Arcanjo,Wesley,Red Bull Bragantino - SP
Wesley Gassova Ribeiro Teixeira,Wesley,Corinthians - SP
Wesley Ribeiro Silva,Wesley Ribeiro Silva,Cruzeiro Saf - MG
Wesley Vinicius França Lima,Wesley,Flamengo - RJ
Weslley Pinto Batista,Weslley,Santos - SP
Weverton Pereira da Silva,Weverton,Palmeiras - SP
Weverton Silva de Andrade,Weverton,Cruzeiro Saf - MG
William de Asevedo Furtado,William,Cruzeiro Saf - MG
William Gomes Carvalho Santos,William,São Paulo - SP
Willian Gomes de Siqueira,Willian,Athletico Paranaense - PR
Willian Osmar de Oliveira Silva,Willian Oliveira,Goiás - GO
Willian Roberto de Farias,Willian Farias,Coritiba S.a.f. - PR
Yago Felipe da Costa Rocha,Yago Felipe,Bahia - BA
Yago Santos de Andrade,Yago,America Saf - MG
Yago Souza de Santana,Yago,America Saf - MG
Yan Philipe Oliveira Lemos,Yan Philipe,Atlético Mineiro - MG
Yani David Quintero Rivas,Yani Quintero,Red Bull Bragantino - SP
Yarlen Faustino Augusto,YARLEN,Botafogo - RJ
Yeferson Julio Soteldo Martinez,Yeferson Soteldo,Santos - SP
Yony Alexander Gonzalez Copete,Yony Gonzalez,Fluminense - RJ
Young Navarro Moraes,Yang,São Paulo - SP
Ythallo Ryckelm Rodrigues de Oliveira,Ythallo,São Paulo - SP
Yuri Alberto Monteiro da Silva,Yuri Alberto,Corinthians - SP
